272a92,172.18.0.5,GET,https://prueba2.ddev.site/es/admin/structure/views/view/uuids_articulos,1708011690,272a92,200,request
54d9e2,172.18.0.5,POST,https://prueba2.ddev.site/es/admin/structure/views/view/uuids_articulos/preview/page_1?_wrapper_format=drupal_ajax,1708011691,54d9e2,200,request
809428,172.18.0.5,GET,https://prueba2.ddev.site/es/admin/config/services/jsonapi,1708011698,809428,200,request
4f4194,172.18.0.5,GET,https://prueba2.ddev.site/es/admin/config/services/jsonapi/extras,1708011701,4f4194,200,request
7c3739,172.18.0.5,GET,https://prueba2.ddev.site/es/admin/config/services/jsonapi/extras,1708011722,7c3739,200,request
3580ce,172.18.0.5,POST,https://prueba2.ddev.site/es/admin/config/services/jsonapi/extras,1708011721,3580ce,303,request
394b50,172.18.0.5,GET,https://prueba2.ddev.site/es/admin/config/services/jsonapi/resource_types,1708011724,394b50,200,request
53f9dc,172.18.0.5,POST,https://prueba2.ddev.site/es/history/2/read,1708068896,53f9dc,200,request
dfc718,172.18.0.5,POST,https://prueba2.ddev.site/es/contextual/render,1708068896,dfc718,200,request
feabdc,172.18.0.5,GET,https://prueba2.ddev.site/es/admin/content,1708068905,feabdc,200,request
0b6764,172.18.0.5,GET,https://prueba2.ddev.site/core/themes/stable/images/core/icons/787878/file.svg,1708068907,0b6764,200,request
69a4a0,172.18.0.5,GET,https://prueba2.ddev.site/core/themes/stable/images/core/icons/787878/file.svg,1708068907,69a4a0,404,request
a0c8e5,172.18.0.5,GET,https://prueba2.ddev.site/,1708068894,a0c8e5,200,request
4a166c,172.18.0.5,GET,https://prueba2.ddev.site/favicon.ico,1708071644,e300b1,500,request
e300b1,172.18.0.5,GET,https://prueba2.ddev.site/favicon.ico,1708071644,e300b1,500,request
8ec11e,172.18.0.5,GET,https://prueba2.ddev.site/es/admin/appearance,1708071646,2d7842,500,request
2d7842,172.18.0.5,GET,https://prueba2.ddev.site/es/admin/appearance,1708071646,2d7842,500,request
4c51a6,172.18.0.5,GET,https://prueba2.ddev.site/,1708071660,d63714,500,request
d63714,172.18.0.5,GET,https://prueba2.ddev.site/,1708071660,d63714,500,request
9ad7c8,172.18.0.5,GET,https://prueba2.ddev.site/,1708071660,f75055,500,request
f75055,172.18.0.5,GET,https://prueba2.ddev.site/,1708071660,f75055,500,request
1418ba,172.18.0.5,GET,https://prueba2.ddev.site/,1708071679,1418ba,200,request
5983a9,172.18.0.5,POST,https://prueba2.ddev.site/es/history/2/read,1708071680,5983a9,200,request
397cca,172.18.0.5,GET,https://prueba2.ddev.site/es/admin/modules,1708071682,397cca,200,request
91ccd9,172.18.0.5,GET,https://prueba2.ddev.site/core/themes/stable/images/core/icons/787878/puzzlepiece.svg,1708071683,91ccd9,200,request
4122f1,172.18.0.5,GET,https://prueba2.ddev.site/core/themes/stable/images/core/icons/787878/puzzlepiece.svg,1708071683,4122f1,404,request
2b167d,172.18.0.5,GET,https://prueba2.ddev.site/core/themes/stable/images/core/icons/787878/paintbrush.svg,1708071685,2b167d,200,request
f87fb1,172.18.0.5,GET,https://prueba2.ddev.site/core/themes/stable/images/core/icons/787878/paintbrush.svg,1708071685,f87fb1,404,request
f8d627,172.18.0.5,GET,https://prueba2.ddev.site/es/admin/appearance,1708071685,f8d627,200,request
4764ef,172.18.0.5,GET,https://prueba2.ddev.site/es/admin/appearance,1708071720,4764ef,200,request
50cc27,172.18.0.5,GET,https://prueba2.ddev.site/es/admin/appearance,1708071744,50cc27,200,request
aeeb2f,172.18.0.5,GET,https://prueba2.ddev.site/es/admin/appearance/default?theme=mi_tema_foundation&token=HApM3LSJeQ1PsrFMMj5-OUIGgc6gx1sQy9BLmZ2SxNE,1708071748,aeeb2f,302,request
87da5a,172.18.0.5,GET,https://prueba2.ddev.site/es/admin/appearance,1708071750,87da5a,200,request
e303a0,172.18.0.5,GET,https://prueba2.ddev.site/core/themes/stable/images/core/icons/787878/paintbrush.svg,1708071752,e303a0,200,request
b31449,172.18.0.5,GET,https://prueba2.ddev.site/core/themes/stable/images/core/icons/787878/paintbrush.svg,1708071752,b31449,404,request
09c19c,172.18.0.5,GET,https://prueba2.ddev.site/es,1708071754,09c19c,200,request
19c59a,172.18.0.5,POST,https://prueba2.ddev.site/es/contextual/render,1708071756,19c59a,200,request
804452,172.18.0.5,POST,https://prueba2.ddev.site/es/history/2/read,1708071756,804452,200,request
ba420a,172.18.0.5,GET,https://prueba2.ddev.site/es,1708072414,ba420a,200,request
5fce85,172.18.0.5,POST,https://prueba2.ddev.site/es/history/2/read,1708072414,5fce85,200,request
8e32c8,172.18.0.5,GET,https://prueba2.ddev.site/es,1708072448,8e32c8,200,request
a497dc,172.18.0.5,POST,https://prueba2.ddev.site/es/history/2/read,1708072448,a497dc,200,request
6927df,172.18.0.5,GET,https://prueba2.ddev.site/es/admin/structure/block,1708072481,6927df,200,request
227cce,172.18.0.5,GET,https://prueba2.ddev.site/es/admin/structure/block/manage/mi_tema_foundation_site_branding/disable?destination=%2Fes%2Fadmin%2Fstructure%2Fblock&token=_cGWdMCbrtQfMdtTlMsfaYWK4Fo1GIlHMrQ-LOIfOIg,1708072531,227cce,302,request
78665e,172.18.0.5,GET,https://prueba2.ddev.site/es/admin/structure/block,1708072532,78665e,200,request
6a6098,172.18.0.5,POST,https://prueba2.ddev.site/es/admin/structure/block,1708072549,6a6098,303,request
ddaeb9,172.18.0.5,GET,https://prueba2.ddev.site/es/admin/structure/block,1708072550,ddaeb9,200,request
94edcb,172.18.0.5,GET,https://prueba2.ddev.site/es/admin/config/development/generate/menu,1708072605,94edcb,200,request
6ce702,172.18.0.5,POST,https://prueba2.ddev.site/es/admin/config/development/generate/menu,1708072628,6ce702,303,request
ea64b2,172.18.0.5,GET,https://prueba2.ddev.site/es/admin/config/development/generate/menu,1708072628,ea64b2,200,request
495220,172.18.0.5,GET,https://prueba2.ddev.site/es/admin/structure/block,1708072636,495220,200,request
b35345,172.18.0.5,GET,https://prueba2.ddev.site/es/admin/structure/block/manage/mi_tema_foundation_main_menu?destination=%2Fes%2Fadmin%2Fstructure%2Fblock,1708072640,b35345,200,request
cc934e,172.18.0.5,POST,https://prueba2.ddev.site/es/admin/structure/block/manage/mi_tema_foundation_main_menu?destination=%2Fes%2Fadmin%2Fstructure%2Fblock,1708072659,cc934e,303,request
e76971,172.18.0.5,GET,https://prueba2.ddev.site/es/admin/structure/block,1708072659,e76971,200,request
179745,172.18.0.5,GET,https://prueba2.ddev.site/es/admin/appearance,1708072677,179745,200,request
89280f,172.18.0.5,GET,https://prueba2.ddev.site/core/themes/stable/images/core/icons/787878/paintbrush.svg,1708072677,89280f,200,request
fbee33,172.18.0.5,GET,https://prueba2.ddev.site/core/themes/stable/images/core/icons/787878/paintbrush.svg,1708072677,fbee33,404,request
7e6f54,172.18.0.5,GET,https://prueba2.ddev.site/es/admin/appearance/settings/mi_tema_foundation,1708072680,7e6f54,200,request
4693ab,172.18.0.5,POST,https://prueba2.ddev.site/es/admin/appearance/settings/mi_tema_foundation,1708072702,4693ab,303,request
2e7551,172.18.0.5,GET,https://prueba2.ddev.site/es/admin/appearance/settings/mi_tema_foundation,1708072703,2e7551,200,request
234737,172.18.0.5,GET,https://prueba2.ddev.site/es,1708072707,234737,200,request
ab3d3a,172.18.0.5,POST,https://prueba2.ddev.site/es/history/2/read,1708072707,ab3d3a,200,request
57f631,172.18.0.5,POST,https://prueba2.ddev.site/es/toolbar/subtrees/is6fbYRJILnbpvzO50SY-_bt03u7yNbsC_iLKRW3loo?_wrapper_format=drupal_ajax,1708072735,57f631,200,request
f6ecd4,172.18.0.5,GET,https://prueba2.ddev.site/es,1708072999,f6ecd4,200,request
dc2ee2,172.18.0.5,POST,https://prueba2.ddev.site/es/history/2/read,1708072999,dc2ee2,200,request
1e2e56,172.18.0.5,GET,https://prueba2.ddev.site/es,1708073199,1e2e56,200,request
798e64,172.18.0.5,POST,https://prueba2.ddev.site/es/history/2/read,1708073200,798e64,200,request
92a4f9,172.18.0.5,GET,https://prueba2.ddev.site/es/admin/appearance,1708075823,92a4f9,200,request
bd1ca2,172.18.0.5,GET,https://prueba2.ddev.site/core/themes/stable/images/core/icons/787878/paintbrush.svg,1708075824,bd1ca2,200,request
8378b2,172.18.0.5,GET,https://prueba2.ddev.site/core/themes/stable/images/core/icons/787878/paintbrush.svg,1708075824,8378b2,404,request
b28d7c,172.18.0.5,GET,https://prueba2.ddev.site/es/admin/appearance,1708075839,b28d7c,200,request
8ee064,172.18.0.5,GET,https://prueba2.ddev.site/es/admin/appearance/default?theme=mycustom_bootstrap_sass&token=HApM3LSJeQ1PsrFMMj5-OUIGgc6gx1sQy9BLmZ2SxNE,1708075838,8ee064,302,request
020e52,172.18.0.5,GET,https://prueba2.ddev.site/core/themes/stable/images/core/icons/787878/paintbrush.svg,1708075840,020e52,200,request
c2da1f,172.18.0.5,GET,https://prueba2.ddev.site/core/themes/stable/images/core/icons/787878/paintbrush.svg,1708075840,c2da1f,404,request
1feaa3,172.18.0.5,GET,https://prueba2.ddev.site/es,1708075841,1feaa3,200,request
9f2229,172.18.0.5,POST,https://prueba2.ddev.site/es/history/2/read,1708075842,9f2229,200,request
d73743,172.18.0.5,GET,https://prueba2.ddev.site/es/admin/structure/block,1708075848,d73743,200,request
ea7223,172.18.0.5,GET,https://prueba2.ddev.site/es/admin/structure/block/manage/mycustom_bootstrap_sass_main_menu?destination=%2Fes%2Fadmin%2Fstructure%2Fblock,1708075874,ea7223,200,request
918c04,172.18.0.5,GET,https://prueba2.ddev.site/es/admin/structure/menu/manage/main,1708075894,918c04,200,request
0d632d,172.18.0.5,POST,https://prueba2.ddev.site/es/admin/structure/menu/manage/main,1708075918,0d632d,303,request
12cb6a,172.18.0.5,GET,https://prueba2.ddev.site/es/admin/structure/menu/manage/main,1708075919,12cb6a,200,request
070d60,172.18.0.5,GET,https://prueba2.ddev.site/es,1708075921,070d60,200,request
36d796,172.18.0.5,POST,https://prueba2.ddev.site/es/history/2/read,1708075921,36d796,200,request
40a527,172.18.0.5,GET,https://prueba2.ddev.site/es/admin/structure/views/view/vista_rest,1708085579,40a527,200,request
243f44,172.18.0.5,POST,https://prueba2.ddev.site/es/admin/structure/views/view/vista_rest/preview/rest_export_1?_wrapper_format=drupal_ajax,1708085580,243f44,200,request
8f02b0,172.18.0.5,GET,https://prueba2.ddev.site/es/admin/structure/views,1708085573,8f02b0,200,request
